Workbook

Sheet DATABASED 
A1: booking_id | B1: flight_date | C1: route | D1: airline | E1: ticket_price | F1: baggage_add_on | G1: baggage_fee | H1: issued_error | I1: payment_method
A2: 1001 | B2: 45658 | C2: DPS-SIN | D2: Lion Air | E2: 2129626 | F2: 0 | G2: 0 | H2: Yes | I2: Credit Card
A3: 1002 | B3: 45689 | C3: CGK-KUL | D3: Citilink | E3: 1511774 | F3: 1 | G3: 250000 | H3: No | I3: Credit Card
A4: 1003 | B4: 45717 | C4: CGK-SUB | D4: Garuda | E4: 2441093 | F4: 1 | G4: 200000 | H4: Yes | I4: E-Wallet
A5: 1004 | B5: 45748 | C5: CGK-KUL | D5: AirAsia | E5: 1161079 | F5: 1 | G5: 150000 | H5: No | I5: Transfer
A6: 1005 | B6: 45778 | C6: CGK-KUL | D6: AirAsia | E6: 1068452 | F6: 1 | G6: 150000 | H6: No | I6: Credit Card
A7: 1006 | B7: 45809 | C7: CGK-SIN | D7: Citilink | E7: 806081 | F7: 1 | G7: 200000 | H7: No | I7: Credit Card
A8: 1007 | B8: 45839 | C8: CGK-SUB | D8: AirAsia | E8: 1683237 | F8: 1 | G8: 150000 | H8: No | I8: E-Wallet
A9: 1008 | B9: 45870 | C9: CGK-SUB | D9: Garuda | E9: 2361909 | F9: 0 | G9: 0 | H9: No | I9: Credit Card
A10: 1009 | B10: 45901 | C10: CGK-SUB | D10: Citilink | E10: 1258986 | F10: 1 | G10: 0 | H10: No | I10: Transfer
A11: 1010 | B11: 45931 | C11: CGK-KUL | D11: Garuda | E11: 810078 | F11: 0 | G11: 0 | H11: No | I11: E-Wallet
A12: 1011 | B12: 45962 | C12: DPS-SIN | D12: Citilink | E12: 722671 | F12: 0 | G12: 0 | H12: No | I12: Credit Card
A13: 1012 | B13: 45992 | C13: CGK-SUB | D13: Citilink | E13: 2166976 | F13: 1 | G13: 0 | H13: No | I13: E-Wallet
A14: 1013 | B14: 13/01/2025 | C14: CGK-KUL | D14: Lion Air | E14: 2104104 | F14: 0 | G14: 0 | H14: No | I14: Credit Card
A15: 1014 | B15: 14/01/2025 | C15: CGK-SIN | D15: Garuda | E15: 2359066 | F15: 1 | G15: 250000 | H15: No | I15: Credit Card
A16: 1015 | B16: 15/01/2025 | C16: DPS-SIN | D16: AirAsia | E16: 751663 | F16: 1 | G16: 250000 | H16: No | I16: Credit Card
A17: 1016 | B17: 16/01/2025 | C17: CGK-SIN | D17: AirAsia | E17: 1764284 | F17: 1 | G17: 250000 | H17: Yes | I17: Transfer
A18: 1017 | B18: 17/01/2025 | C18: DPS-SIN | D18: Garuda | E18: 1011955 | F18: 0 | G18: 0 | H18: No | I18: Transfer
A19: 1018 | B19: 18/01/2025 | C19: CGK-KUL | D19: AirAsia | E19: 1882459 | F19: 0 | G19: 0 | H19: Yes | I19: E-Wallet
A20: 1019 | B20: 19/01/2025 | C20: CGK-DPS | D20: AirAsia | E20: 2066970 | F20: 1 | G20: 0 | H20: No | I20: Credit Card
A21: 1020 | B21: 20/01/2025 | C21: DPS-SIN | D21: Garuda | E21: 812547 | F21: 1 | G21: 250000 | H21: No | I21: Credit Card
A22: 1021 | B22: 21/01/2025 | C22: CGK-SIN | D22: Citilink | E22: 1610681 | F22: 1 | G22: 250000 | H22: No | I22: Transfer
A23: 1022 | B23: 22/01/2025 | C23: CGK-KUL | D23: Garuda | E23: 2307618 | F23: 1 | G23: 250000 | H23: No | I23: Credit Card
A24: 1023 | B24: 23/01/2025 | C24: DPS-SIN | D24: Citilink | E24: 2499678 | F24: 1 | G24: 200000 | H24: No | I24: Transfer
A25: 1024 | B25: 24/01/2025 | C25: CGK-DPS | D25: AirAsia | E25: 842483 | F25: 0 | G25: 0 | H25: No | I25: Credit Card
... A32: 1031 | B32: 31/01/2025 | C32: CGK-SUB | D32: Garuda | E32: 1443974 | F32: 1 | G32: 0 | H32: No | I32: Transfer
A33: 1032 | B33: 45659 | C33: DPS-SIN | D33: Lion Air | E33: 1587121 | F33: 1 | G33: 0 | H33: No | I33: E-Wallet
A34: 1033 | B34: 45690 | C34: DPS-SIN | D34: Garuda | E34: 2021831 | F34: 0 | G34: 0 | H34: Yes | I34: E-Wallet
A35: 1034 | B35: 45718 | C35: CGK-DPS | D35: Garuda | E35: 2048224 | F35: 1 | G35: 200000 | H35: Yes | I35: Transfer
A36: 1035 | B36: 45749 | C36: CGK-SUB | D36: Lion Air | E36: 2405738 | F36: 1 | G36: 0 | H36: No | I36: Transfer
A37: 1036 | B37: 45779 | C37: CGK-KUL | D37: Citilink | E37: 1756731 | F37: 0 | G37: 0 | H37: No | I37: Transfer
A38: 1037 | B38: 45810 | C38: CGK-SUB | D38: Citilink | E38: 2215448 | F38: 1 | G38: 200000 | H38: No | I38: Transfer
A39: 1038 | B39: 45840 | C39: CGK-KUL | D39: Citilink | E39: 1525816 | F39: 1 | G39: 0 | H39: No | I39: Transfer
A40: 1039 | B40: 45871 | C40: CGK-DPS | D40: Citilink | E40: 1074705 | F40: 1 | G40: 0 | H40: No | I40: E-Wallet
A41: 1040 | B41: 45902 | C41: CGK-SIN | D41: Citilink | E41: 2320118 | F41: 1 | G41: 250000 | H41: No | I41: E-Wallet
A42: 1041 | B42: 45932 | C42: DPS-SIN | D42: Lion Air | E42: 2358845 | F42: 1 | G42: 150000 | H42: No | I42: Transfer
A43: 1042 | B43: 45963 | C43: CGK-DPS | D43: Lion Air | E43: 1254594 | F43: 0 | G43: 0 | H43: No | I43: Credit Card
A44: 1043 | B44: 45993 | C44: DPS-SIN | D44: AirAsia | E44: 847718 | F44: 0 | G44: 0 | H44: Yes | I44: Transfer
A45: 1044 | B45: 13/02/2025 | C45: CGK-SIN | D45: Citilink | E45: 2057563 | F45: 1 | G45: 0 | H45: No | I45: Credit Card
A46: 1045 | B46: 14/02/2025 | C46: CGK-SIN | D46: Lion Air | E46: 1345263 | F46: 1 | G46: 0 | H46: No | I46: Transfer
A47: 1046 | B47: 15/02/2025 | C47: CGK-DPS | D47: AirAsia | E47: 2107321 | F47: 1 | G47: 250000 | H47: No | I47: Transfer
A48: 1047 | B48: 16/02/2025 | C48: CGK-SIN | D48: Citilink | E48: 1708239 | F48: 1 | G48: 200000 | H48: No | I48: E-Wallet
A49: 1048 | B49: 17/02/2025 | C49: CGK-KUL | D49: Garuda | E49: 807512 | F49: 1 | G49: 150000 | H49: No | I49: Credit Card
A50: 1049 | B50: 18/02/2025 | C50: CGK-SIN | D50: AirAsia | E50: 847443 | F50: 1 | G50: 150000 | H50: No | I50: Credit Card
A51: 1050 | B51: 19/02/2025 | C51: DPS-SIN | D51: Lion Air | E51: 2219163 | F51: 1 | G51: 0 | H51: Yes | I51: E-Wallet
A52: 1051 | B52: 20/02/2025 | C52: DPS-SIN | D52: Garuda | E52: 1073616 | F52: 1 | G52: 200000 | H52: No | I52: E-Wallet
A53: 1052 | B53: 21/02/2025 | C53: DPS-SIN | D53: Garuda | E53: 1357409 | F53: 1 | G53: 150000 | H53: Yes | I53: E-Wallet
A54: 1053 | B54: 22/02/2025 | C54: DPS-SIN | D54: Garuda | E54: 1386976 | F54: 1 | G54: 200000 | H54: No | I54: E-Wallet
A55: 1054 | B55: 23/02/2025 | C55: CGK-KUL | D55: AirAsia | E55: 2114447 | F55: 1 | G55: 200000 | H55: No | I55: Credit Card
A56: 1055 | B56: 24/02/2025 | C56: CGK-SUB | D56: Lion Air | E56: 1075037 | F56: 0 | G56: 0 | H56: No | I56: Credit Card
... A60: 1059 | B60: 28/02/2025 | C60: DPS-SIN | D60: Garuda | E60: 2040575 | F60: 0 | G60: 0 | H60: No | I60: E-Wallet
A61: 1060 | B61: 45660 | C61: CGK-SIN | D61: AirAsia | E61: 1941082 | F61: 1 | G61: 150000 | H61: No | I61: E-Wallet
A62: 1061 | B62: 45691 | C62: CGK-SIN | D62: AirAsia | E62: 1690198 | F62: 1 | G62: 150000 | H62: No | I62: Transfer
A63: 1062 | B63: 45719 | C63: DPS-SIN | D63: Lion Air | E63: 1398376 | F63: 0 | G63: 0 | H63: No | I63: Transfer
A64: 1063 | B64: 45750 | C64: CGK-KUL | D64: Citilink | E64: 969544 | F64: 1 | G64: 150000 | H64: No | I64: Transfer
A65: 1064 | B65: 45780 | C65: CGK-SIN | D65: AirAsia | E65: 1080002 | F65: 0 | G65: 0 | H65: Yes | I65: Transfer
A66: 1065 | B66: 45811 | C66: CGK-SIN | D66: Garuda | E66: 1398002 | F66: 0 | G66: 0 | H66: No | I66: Transfer
A67: 1066 | B67: 45841 | C67: DPS-SIN | D67: Lion Air | E67: 2288015 | F67: 1 | G67: 200000 | H67: Yes | I67: Transfer
A68: 1067 | B68: 45872 | C68: CGK-SIN | D68: Garuda | E68: 1290978 | F68: 0 | G68: 0 | H68: No | I68: Transfer
A69: 1068 | B69: 45903 | C69: CGK-SIN | D69: Garuda | E69: 2277363 | F69: 0 | G69: 0 | H69: No | I69: E-Wallet
A70: 1069 | B70: 45933 | C70: DPS-SIN | D70: AirAsia | E70: 2279159 | F70: 1 | G70: 0 | H70: No | I70: E-Wallet
A71: 1070 | B71: 45964 | C71: DPS-SIN | D71: Lion Air | E71: 1607317 | F71: 1 | G71: 150000 | H71: Yes | I71: E-Wallet
A72: 1071 | B72: 45994 | C72: CGK-DPS | D72: Citilink | E72: 1088215 | F72: 0 | G72: 0 | H72: No | I72: E-Wallet
A73: 1072 | B73: 13/03/2025 | C73: CGK-KUL | D73: Citilink | E73: 1021184 | F73: 1 | G73: 200000 | H73: No | I73: Transfer
A74: 1073 | B74: 14/03/2025 | C74: CGK-KUL | D74: AirAsia | E74: 2171091 | F74: 0 | G74: 0 | H74: No | I74: Credit Card
A75: 1074 | B75: 15/03/2025 | C75: CGK-SIN | D75: AirAsia | E75: 1368234 | F75: 0 | G75: 0 | H75: No | I75: Transfer
A76: 1075 | B76: 16/03/2025 | C76: CGK-KUL | D76: Lion Air | E76: 1078480 | F76: 1 | G76: 250000 | H76: No | I76: Credit Card
A77: 1076 | B77: 17/03/2025 | C77: CGK-SIN | D77: Citilink | E77: 732711 | F77: 1 | G77: 0 | H77: No | I77: E-Wallet
A78: 1077 | B78: 18/03/2025 | C78: CGK-DPS | D78: Citilink | E78: 1491971 | F78: 1 | G78: 0 | H78: No | I78: Transfer
A79: 1078 | B79: 19/03/2025 | C79: DPS-SIN | D79: Citilink | E79: 1201157 | F79: 1 | G79: 0 | H79: No | I79: E-Wallet
A80: 1079 | B80: 20/03/2025 | C80: DPS-SIN | D80: Garuda | E80: 884423 | F80: 1 | G80: 0 | H80: No | I80: Transfer
A81: 1080 | B81: 21/03/2025 | C81: DPS-SIN | D81: Citilink | E81: 1216349 | F81: 1 | G81: 250000 | H81: Yes | I81: E-Wallet
A82: 1081 | B82: 22/03/2025 | C82: CGK-KUL | D82: Garuda | E82: 2452290 | F82: 0 | G82: 0 | H82: No | I82: Credit Card
A83: 1082 | B83: 23/03/2025 | C83: CGK-DPS | D83: Lion Air | E83: 1612495 | F83: 1 | G83: 0 | H83: No | I83: Credit Card
A84: 1083 | B84: 24/03/2025 | C84: CGK-KUL | D84: Garuda | E84: 2406493 | F84: 0 | G84: 0 | H84: No | I84: Credit Card
... A91: 1090 | B91: 31/03/2025 | C91: CGK-SUB | D91: AirAsia | E91: 1507789 | F91: 1 | G91: 250000 | H91: No | I91: Transfer
A92: 1091 | B92: 45661 | C92: CGK-SUB | D92: Garuda | E92: 2391985 | F92: 0 | G92: 0 | H92: Yes | I92: Credit Card
A93: 1092 | B93: 45692 | C93: CGK-DPS | D93: Garuda | E93: 1826081 | F93: 0 | G93: 0 | H93: No | I93: Transfer
A94: 1093 | B94: 45720 | C94: CGK-SUB | D94: Garuda | E94: 702869 | F94: 0 | G94: 0 | H94: No | I94: Credit Card
A95: 1094 | B95: 45751 | C95: CGK-SUB | D95: Citilink | E95: 1481474 | F95: 1 | G95: 250000 | H95: No | I95: Transfer
A96: 1095 | B96: 45781 | C96: CGK-DPS | D96: Garuda | E96: 1154351 | F96: 1 | G96: 250000 | H96: No | I96: E-Wallet
A97: 1096 | B97: 45812 | C97: CGK-SUB | D97: AirAsia | E97: 2060828 | F97: 1 | G97: 200000 | H97: No | I97: E-Wallet
A98: 1097 | B98: 45842 | C98: CGK-KUL | D98: Garuda | E98: 1336584 | F98: 0 | G98: 0 | H98: No | I98: E-Wallet
A99: 1098 | B99: 45873 | C99: CGK-SIN | D99: Lion Air | E99: 1318467 | F99: 1 | G99: 250000 | H99: No | I99: E-Wallet
A100: 1099 | B100: 45904 | C100: CGK-SIN | D100: Lion Air | E100: 1838848 | F100: 1 | G100: 0 | H100: No | I100: E-Wallet
A101: 1100 | B101: 45934 | C101: CGK-DPS | D101: Citilink | E101: 738467 | F101: 1 | G101: 250000 | H101: No | I101: Credit Card
A102: 1101 | B102: 45965 | C102: DPS-SIN | D102: Lion Air | E102: 1736685 | F102: 1 | G102: 0 | H102: No | I102: E-Wallet
A103: 1102 | B103: 45995 | C103: CGK-DPS | D103: AirAsia | E103: 1577844 | F103: 1 | G103: 200000 | H103: No | I103: E-Wallet
A104: 1103 | B104: 13/04/2025 | C104: DPS-SIN | D104: Garuda | E104: 1180047 | F104: 0 | G104: 0 | H104: No | I104: E-Wallet
A105: 1104 | B105: 14/04/2025 | C105: CGK-SIN | D105: Citilink | E105: 2407923 | F105: 0 | G105: 0 | H105: No | I105: E-Wallet
A106: 1105 | B106: 15/04/2025 | C106: CGK-DPS | D106: Garuda | E106: 1807447 | F106: 1 | G106: 0 | H106: No | I106: Transfer
A107: 1106 | B107: 16/04/2025 | C107: CGK-KUL | D107: Garuda | E107: 1639903 | F107: 0 | G107: 0 | H107: No | I107: Credit Card
A108: 1107 | B108: 17/04/2025 | C108: CGK-SUB | D108: AirAsia | E108: 828391 | F108: 0 | G108: 0 | H108: No | I108: E-Wallet
A109: 1108 | B109: 18/04/2025 | C109: DPS-SIN | D109: Lion Air | E109: 1139430 | F109: 0 | G109: 0 | H109: Yes | I109: E-Wallet
A110: 1109 | B110: 19/04/2025 | C110: CGK-SUB | D110: Lion Air | E110: 1717026 | F110: 0 | G110: 0 | H110: Yes | I110: E-Wallet
A111: 1110 | B111: 20/04/2025 | C111: CGK-SUB | D111: Garuda | E111: 2359280 | F111: 1 | G111: 0 | H111: No | I111: Credit Card
A112: 1111 | B112: 21/04/2025 | C112: CGK-DPS | D112: Citilink | E112: 956687 | F112: 1 | G112: 150000 | H112: No | I112: Transfer
A113: 1112 | B113: 22/04/2025 | C113: CGK-SUB | D113: Lion Air | E113: 2474027 | F113: 1 | G113: 250000 | H113: No | I113: Credit Card
A114: 1113 | B114: 23/04/2025 | C114: CGK-KUL | D114: Citilink | E114: 807450 | F114: 0 | G114: 0 | H114: No | I114: Transfer
A115: 1114 | B115: 24/04/2025 | C115: CGK-SUB | D115: Lion Air | E115: 871890 | F115: 1 | G115: 0 | H115: No | I115: E-Wallet
...

Sheet STEP BY STEP
A2: 1. Change flight date format to date with =DATEVALUE(B2); if there's error. 🔧 Fix Locale File → Settings Region → Indonesia Save & reload reload=DATEVALUE(B2)
A4: 2. Change ticket and baggage price with currency format
A5: 3. make sure if the baggage is 0 fee also 0 (using filter)
A6: 4. create new colom for total revenue (fligth ticket and baggage)
A7: 5. create new colom untuk error flight, fungsinya untuk menghitung berapa jumlag error yang ada
A9: 6. Pivot 1 — Revenue Bagasi per Rute
A10: 7. Pivot 2 — Error Rate per Maskapai
A11: 8. Pivot 3 — Transaksi Bagasi

Sheet CLEAN DATA
A1: booking_id | B1: flight_date | C1: route | D1: airline | E1: ticket_price | F1: baggage_add_on | G1: baggage_fee | H1: issued_error | I1: payment_method | J1: total revenue | K1: error flag
A2: 1001 | B2: =DATEVALUE('DATABASED '!B2) -> 45658 | C2: DPS-SIN | D2: Lion Air | E2: 2129626 | F2: 0 | G2: 0 | H2: Yes | I2: Credit Card | J2: =E2+G2 -> 2129626 | K2: =IF(H2="YES",1,0) -> 1
A3: 1002 | B3: =DATEVALUE('DATABASED '!B3) -> 45659 | C3: CGK-KUL | D3: Citilink | E3: 1511774 | F3: 1 | G3: 250000 | H3: No | I3: Credit Card | J3: =E3+G3 -> 1761774 | K3: =IF(H3="YES",1,0) -> 0
A4: 1003 | B4: =DATEVALUE('DATABASED '!B4) -> 45660 | C4: CGK-SUB | D4: Garuda | E4: 2441093 | F4: 1 | G4: 200000 | H4: Yes | I4: E-Wallet | J4: =E4+G4 -> 2641093 | K4: =IF(H4="YES",1,0) -> 1
A5: 1004 | B5: =DATEVALUE('DATABASED '!B5) -> 45661 | C5: CGK-KUL | D5: AirAsia | E5: 1161079 | F5: 1 | G5: 150000 | H5: No | I5: Transfer | J5: =E5+G5 -> 1311079 | K5: =IF(H5="YES",1,0) -> 0
A6: 1005 | B6: =DATEVALUE('DATABASED '!B6) -> 45662 | C6: CGK-KUL | D6: AirAsia | E6: 1068452 | F6: 1 | G6: 150000 | H6: No | I6: Credit Card | J6: =E6+G6 -> 1218452 | K6: =IF(H6="YES",1,0) -> 0
A7: 1006 | B7: =DATEVALUE('DATABASED '!B7) -> 45663 | C7: CGK-SIN | D7: Citilink | E7: 806081 | F7: 1 | G7: 200000 | H7: No | I7: Credit Card | J7: =E7+G7 -> 1006081 | K7: =IF(H7="YES",1,0) -> 0
A8: 1007 | B8: =DATEVALUE('DATABASED '!B8) -> 45664 | C8: CGK-SUB | D8: AirAsia | E8: 1683237 | F8: 1 | G8: 150000 | H8: No | I8: E-Wallet | J8: =E8+G8 -> 1833237 | K8: =IF(H8="YES",1,0) -> 0
A9: 1008 | B9: =DATEVALUE('DATABASED '!B9) -> 45665 | C9: CGK-SUB | D9: Garuda | E9: 2361909 | F9: 0 | G9: 0 | H9: No | I9: Credit Card | J9: =E9+G9 -> 2361909 | K9: =IF(H9="YES",1,0) -> 0
A10: 1009 | B10: =DATEVALUE('DATABASED '!B10) -> 45666 | C10: CGK-SUB | D10: Citilink | E10: 1258986 | F10: 1 | G10: 0 | H10: No | I10: Transfer | J10: =E10+G10 -> 1258986 | K10: =IF(H10="YES",1,0) -> 0
A11: 1010 | B11: =DATEVALUE('DATABASED '!B11) -> 45667 | C11: CGK-KUL | D11: Garuda | E11: 810078 | F11: 0 | G11: 0 | H11: No | I11: E-Wallet | J11: =E11+G11 -> 810078 | K11: =IF(H11="YES",1,0) -> 0
A12: 1011 | B12: =DATEVALUE('DATABASED '!B12) -> 45668 | C12: DPS-SIN | D12: Citilink | E12: 722671 | F12: 0 | G12: 0 | H12: No | I12: Credit Card | J12: =E12+G12 -> 722671 | K12: =IF(H12="YES",1,0) -> 0
A13: 1012 | B13: =DATEVALUE('DATABASED '!B13) -> 45669 | C13: CGK-SUB | D13: Citilink | E13: 2166976 | F13: 1 | G13: 0 | H13: No | I13: E-Wallet | J13: =E13+G13 -> 2166976 | K13: =IF(H13="YES",1,0) -> 0
... A121: 1120 | B121: =DATEVALUE('DATABASED '!B121) -> 45777 | C121: CGK-SIN | D121: Citilink | E121: 2320197 | F121: 1 | G121: 250000 | H121: No | I121: Credit Card | J121: =E121+G121 -> 2570197 | K121: =IF(H121="YES",1,0) -> 0
K127: Insight 1
K128: Rute CGK-SIN memiliki pendapatan bagasi tertinggi sebesar Rp2.550.000.
K130: Insight 2
K131: Maskapai Lion Air memiliki tingkat error issued tertinggi sebesar 25,93%.
K133: Insight 3 (Rekomendasi)
K134: Perlu dilakukan pengecekan tambahan pada rute DPS-SIN untuk mengurangi error dan meningkatkan revenue.karena rute tersebut memiliki volume transaksi tertinggi. Optimalisasi di rute ini berpotensi menurunkan error dan menjaga revenue bagasi.
A220: booking_id | B220: flight_date | C220: route | D220: airline | E220: ticket_price | F220: baggage_add_on | G220: baggage_fee | H220: issued_error
A221: 1002 | B221: 45659 | C221: DPS–SIN | D221: Lion Air | E221: 1,800,000 | F221: 1 | G221: 250 | H221: Yes
A222: 1015 | B222: 45672 | C222: DPS–SIN | D222: AirAsia | E222: 1,650,000 | F222: 1 | G222: 200 | H222: No
A223: 1038 | B223: 45695 | C223: CGK–SIN | D223: Garuda | E223: 2,100,000 | F223: 0 | G223: 0 | H223: No
A224: 1064 | B224: 45721 | C224: CGK–DPS | D224: Citilink | E224: 1,300,000 | F224: 1 | G224: 150 | H224: No
A225: 1091 | B225: 45748 | C225: CGK–KUL | D225: Lion Air | E225: 1,250,000 | F225: 0 | G225: 0 | H225: No

Sheet ANALYSIS
A1: ANALYSIS OF BAGGAGE POST ISSUEANCE
A5: 📊 Analysis 1 — Baggage Transaction by Route
A6: Pivot 1 — Revenue Bagasi per Rute
A15: Pivot analysis shows that DPS–SIN has the highest number of baggage add-on transactions compared to other routes.
A36: The analysis shows that DPS–SIN has the highest baggage add-on transaction volume. This route therefore represents a high-impact area where even small operational issues could result in significant revenue loss.
A39: 📊Analysis 2 — Issued Error by Analysis
A41: Pivot 2 — Error Rate per Maskapai
D42: %
D43: =C43/B43 -> 0.25925926
D44: =C44/B44 -> 0.14285714
D45: =C45/B45 -> 0.15625
D46: =C46/B46 -> 0.060606061
A62: When segmented by airline, Lion Air and Citilink show relatively high baggage transaction volumes across multiple routes. Airlines with consistently high baggage transaction volumes require closer monitoring, as operational errors on these airlines may have a broader financial impact
A64: 📊 Analysis 3 — Baggage Transaction Volume by Route
A66: Pivot 3 — Transaksi Bagasi
A75: Error analysis reveals that issuance errors occur move frequenlty on routes with higher transaction volume, particularly DPS-SIN
A96: Key Insights
A97: - DPS–SIN is the highest-volume route for baggage add-on transactions - Higher transaction volume is associated with a higher frequency of issuance errors - Routes contributing the most baggage revenue also carry the highest operational risk - Error monitoring should prioritize transaction volume rather than route count alone
A98: Recommendations
A99: - Prioritize additional quality control checks on DPS–SIN due to its high baggage transaction volume - Implement error monitoring dashboards for high-impact routes - Provide targeted refresher training for agents handling high-volume baggage issuance - Regularly review baggage issuance performance to reduce revenue leakage - Optimizing high-volume routes can help reduce issuance errors while protecting baggage revenue
A101: Conclusion
A102: By analyzing baggage revenue, transaction volume, and issued error patterns, this project highlights key operational focus areas where process improvements can deliver both efficiency gains and revenue protection.
A104: Tools Used
A105: - Microsoft Excel / Google Sheets - Pivot Tables - Data Visualization (Charts)

Sheet B
A1: booking_id | B1: flight_date | C1: route | D1: airline | E1: ticket_price | F1: baggage_add_on | G1: baggage_fee | H1: issued_error | I1: payment_method
A2: 1001 | B2: 45658 | C2: DPS-SIN | D2: Lion Air | E2: 2129626 | F2: 0 | G2: 0 | H2: Yes | I2: Credit Card
A3: 1002 | B3: 45689 | C3: CGK-KUL | D3: Citilink | E3: 1511774 | F3: 1 | G3: 250000 | H3: No | I3: Credit Card
A4: 1003 | B4: 45717 | C4: CGK-SUB | D4: Garuda | E4: 2441093 | F4: 1 | G4: 200000 | H4: Yes | I4: E-Wallet
A5: 1004 | B5: 45748 | C5: CGK-KUL | D5: AirAsia | E5: 1161079 | F5: 1 | G5: 150000 | H5: No | I5: Transfer
A6: 1005 | B6: 45778 | C6: CGK-KUL | D6: AirAsia | E6: 1068452 | F6: 1 | G6: 150000 | H6: No | I6: Credit Card
A7: 1006 | B7: 45809 | C7: CGK-SIN | D7: Citilink | E7: 806081 | F7: 1 | G7: 200000 | H7: No | I7: Credit Card
A8: 1007 | B8: 45839 | C8: CGK-SUB | D8: AirAsia | E8: 1683237 | F8: 1 | G8: 150000 | H8: No | I8: E-Wallet
A9: 1008 | B9: 45870 | C9: CGK-SUB | D9: Garuda | E9: 2361909 | F9: 0 | G9: 0 | H9: No | I9: Credit Card
A10: 1009 | B10: 45901 | C10: CGK-SUB | D10: Citilink | E10: 1258986 | F10: 1 | G10: 0 | H10: No | I10: Transfer
A11: 1010 | B11: 45931 | C11: CGK-KUL | D11: Garuda | E11: 810078 | F11: 0 | G11: 0 | H11: No | I11: E-Wallet
A12: 1011 | B12: 45962 | C12: DPS-SIN | D12: Citilink | E12: 722671 | F12: 0 | G12: 0 | H12: No | I12: Credit Card
A13: 1012 | B13: 45992 | C13: CGK-SUB | D13: Citilink | E13: 2166976 | F13: 1 | G13: 0 | H13: No | I13: E-Wallet
A14: 1013 | B14: 13/01/2025 | C14: CGK-KUL | D14: Lion Air | E14: 2104104 | F14: 0 | G14: 0 | H14: No | I14: Credit Card
A15: 1014 | B15: 14/01/2025 | C15: CGK-SIN | D15: Garuda | E15: 2359066 | F15: 1 | G15: 250000 | H15: No | I15: Credit Card
A16: 1015 | B16: 15/01/2025 | C16: DPS-SIN | D16: AirAsia | E16: 751663 | F16: 1 | G16: 250000 | H16: No | I16: Credit Card
A17: 1016 | B17: 16/01/2025 | C17: CGK-SIN | D17: AirAsia | E17: 1764284 | F17: 1 | G17: 250000 | H17: Yes | I17: Transfer
A18: 1017 | B18: 17/01/2025 | C18: DPS-SIN | D18: Garuda | E18: 1011955 | F18: 0 | G18: 0 | H18: No | I18: Transfer
A19: 1018 | B19: 18/01/2025 | C19: CGK-KUL | D19: AirAsia | E19: 1882459 | F19: 0 | G19: 0 | H19: Yes | I19: E-Wallet
A20: 1019 | B20: 19/01/2025 | C20: CGK-DPS | D20: AirAsia | E20: 2066970 | F20: 1 | G20: 0 | H20: No | I20: Credit Card
A21: 1020 | B21: 20/01/2025 | C21: DPS-SIN | D21: Garuda | E21: 812547 | F21: 1 | G21: 250000 | H21: No | I21: Credit Card
A22: 1021 | B22: 21/01/2025 | C22: CGK-SIN | D22: Citilink | E22: 1610681 | F22: 1 | G22: 250000 | H22: No | I22: Transfer
A23: 1022 | B23: 22/01/2025 | C23: CGK-KUL | D23: Garuda | E23: 2307618 | F23: 1 | G23: 250000 | H23: No | I23: Credit Card
A24: 1023 | B24: 23/01/2025 | C24: DPS-SIN | D24: Citilink | E24: 2499678 | F24: 1 | G24: 200000 | H24: No | I24: Transfer
A25: 1024 | B25: 24/01/2025 | C25: CGK-DPS | D25: AirAsia | E25: 842483 | F25: 0 | G25: 0 | H25: No | I25: Credit Card
... A32: 1031 | B32: 31/01/2025 | C32: CGK-SUB | D32: Garuda | E32: 1443974 | F32: 1 | G32: 0 | H32: No | I32: Transfer
A33: 1032 | B33: 45659 | C33: DPS-SIN | D33: Lion Air | E33: 1587121 | F33: 1 | G33: 0 | H33: No | I33: E-Wallet
A34: 1033 | B34: 45690 | C34: DPS-SIN | D34: Garuda | E34: 2021831 | F34: 0 | G34: 0 | H34: Yes | I34: E-Wallet
A35: 1034 | B35: 45718 | C35: CGK-DPS | D35: Garuda | E35: 2048224 | F35: 1 | G35: 200000 | H35: Yes | I35: Transfer
A36: 1035 | B36: 45749 | C36: CGK-SUB | D36: Lion Air | E36: 2405738 | F36: 1 | G36: 0 | H36: No | I36: Transfer
A37: 1036 | B37: 45779 | C37: CGK-KUL | D37: Citilink | E37: 1756731 | F37: 0 | G37: 0 | H37: No | I37: Transfer
A38: 1037 | B38: 45810 | C38: CGK-SUB | D38: Citilink | E38: 2215448 | F38: 1 | G38: 200000 | H38: No | I38: Transfer
A39: 1038 | B39: 45840 | C39: CGK-KUL | D39: Citilink | E39: 1525816 | F39: 1 | G39: 0 | H39: No | I39: Transfer
A40: 1039 | B40: 45871 | C40: CGK-DPS | D40: Citilink | E40: 1074705 | F40: 1 | G40: 0 | H40: No | I40: E-Wallet
A41: 1040 | B41: 45902 | C41: CGK-SIN | D41: Citilink | E41: 2320118 | F41: 1 | G41: 250000 | H41: No | I41: E-Wallet
A42: 1041 | B42: 45932 | C42: DPS-SIN | D42: Lion Air | E42: 2358845 | F42: 1 | G42: 150000 | H42: No | I42: Transfer
A43: 1042 | B43: 45963 | C43: CGK-DPS | D43: Lion Air | E43: 1254594 | F43: 0 | G43: 0 | H43: No | I43: Credit Card
A44: 1043 | B44: 45993 | C44: DPS-SIN | D44: AirAsia | E44: 847718 | F44: 0 | G44: 0 | H44: Yes | I44: Transfer
A45: 1044 | B45: 13/02/2025 | C45: CGK-SIN | D45: Citilink | E45: 2057563 | F45: 1 | G45: 0 | H45: No | I45: Credit Card
A46: 1045 | B46: 14/02/2025 | C46: CGK-SIN | D46: Lion Air | E46: 1345263 | F46: 1 | G46: 0 | H46: No | I46: Transfer
A47: 1046 | B47: 15/02/2025 | C47: CGK-DPS | D47: AirAsia | E47: 2107321 | F47: 1 | G47: 250000 | H47: No | I47: Transfer
A48: 1047 | B48: 16/02/2025 | C48: CGK-SIN | D48: Citilink | E48: 1708239 | F48: 1 | G48: 200000 | H48: No | I48: E-Wallet
A49: 1048 | B49: 17/02/2025 | C49: CGK-KUL | D49: Garuda | E49: 807512 | F49: 1 | G49: 150000 | H49: No | I49: Credit Card
A50: 1049 | B50: 18/02/2025 | C50: CGK-SIN | D50: AirAsia | E50: 847443 | F50: 1 | G50: 150000 | H50: No | I50: Credit Card
A51: 1050 | B51: 19/02/2025 | C51: DPS-SIN | D51: Lion Air | E51: 2219163 | F51: 1 | G51: 0 | H51: Yes | I51: E-Wallet
A52: 1051 | B52: 20/02/2025 | C52: DPS-SIN | D52: Garuda | E52: 1073616 | F52: 1 | G52: 200000 | H52: No | I52: E-Wallet
A53: 1052 | B53: 21/02/2025 | C53: DPS-SIN | D53: Garuda | E53: 1357409 | F53: 1 | G53: 150000 | H53: Yes | I53: E-Wallet
A54: 1053 | B54: 22/02/2025 | C54: DPS-SIN | D54: Garuda | E54: 1386976 | F54: 1 | G54: 200000 | H54: No | I54: E-Wallet
A55: 1054 | B55: 23/02/2025 | C55: CGK-KUL | D55: AirAsia | E55: 2114447 | F55: 1 | G55: 200000 | H55: No | I55: Credit Card
A56: 1055 | B56: 24/02/2025 | C56: CGK-SUB | D56: Lion Air | E56: 1075037 | F56: 0 | G56: 0 | H56: No | I56: Credit Card
... A60: 1059 | B60: 28/02/2025 | C60: DPS-SIN | D60: Garuda | E60: 2040575 | F60: 0 | G60: 0 | H60: No | I60: E-Wallet
A61: 1060 | B61: 45660 | C61: CGK-SIN | D61: AirAsia | E61: 1941082 | F61: 1 | G61: 150000 | H61: No | I61: E-Wallet
A62: 1061 | B62: 45691 | C62: CGK-SIN | D62: AirAsia | E62: 1690198 | F62: 1 | G62: 150000 | H62: No | I62: Transfer
A63: 1062 | B63: 45719 | C63: DPS-SIN | D63: Lion Air | E63: 1398376 | F63: 0 | G63: 0 | H63: No | I63: Transfer
A64: 1063 | B64: 45750 | C64: CGK-KUL | D64: Citilink | E64: 969544 | F64: 1 | G64: 150000 | H64: No | I64: Transfer
A65: 1064 | B65: 45780 | C65: CGK-SIN | D65: AirAsia | E65: 1080002 | F65: 0 | G65: 0 | H65: Yes | I65: Transfer
A66: 1065 | B66: 45811 | C66: CGK-SIN | D66: Garuda | E66: 1398002 | F66: 0 | G66: 0 | H66: No | I66: Transfer
A67: 1066 | B67: 45841 | C67: DPS-SIN | D67: Lion Air | E67: 2288015 | F67: 1 | G67: 200000 | H67: Yes | I67: Transfer
A68: 1067 | B68: 45872 | C68: CGK-SIN | D68: Garuda | E68: 1290978 | F68: 0 | G68: 0 | H68: No | I68: Transfer
A69: 1068 | B69: 45903 | C69: CGK-SIN | D69: Garuda | E69: 2277363 | F69: 0 | G69: 0 | H69: No | I69: E-Wallet
A70: 1069 | B70: 45933 | C70: DPS-SIN | D70: AirAsia | E70: 2279159 | F70: 1 | G70: 0 | H70: No | I70: E-Wallet
A71: 1070 | B71: 45964 | C71: DPS-SIN | D71: Lion Air | E71: 1607317 | F71: 1 | G71: 150000 | H71: Yes | I71: E-Wallet
A72: 1071 | B72: 45994 | C72: CGK-DPS | D72: Citilink | E72: 1088215 | F72: 0 | G72: 0 | H72: No | I72: E-Wallet
A73: 1072 | B73: 13/03/2025 | C73: CGK-KUL | D73: Citilink | E73: 1021184 | F73: 1 | G73: 200000 | H73: No | I73: Transfer
A74: 1073 | B74: 14/03/2025 | C74: CGK-KUL | D74: AirAsia | E74: 2171091 | F74: 0 | G74: 0 | H74: No | I74: Credit Card
A75: 1074 | B75: 15/03/2025 | C75: CGK-SIN | D75: AirAsia | E75: 1368234 | F75: 0 | G75: 0 | H75: No | I75: Transfer
A76: 1075 | B76: 16/03/2025 | C76: CGK-KUL | D76: Lion Air | E76: 1078480 | F76: 1 | G76: 250000 | H76: No | I76: Credit Card
A77: 1076 | B77: 17/03/2025 | C77: CGK-SIN | D77: Citilink | E77: 732711 | F77: 1 | G77: 0 | H77: No | I77: E-Wallet
A78: 1077 | B78: 18/03/2025 | C78: CGK-DPS | D78: Citilink | E78: 1491971 | F78: 1 | G78: 0 | H78: No | I78: Transfer
A79: 1078 | B79: 19/03/2025 | C79: DPS-SIN | D79: Citilink | E79: 1201157 | F79: 1 | G79: 0 | H79: No | I79: E-Wallet
A80: 1079 | B80: 20/03/2025 | C80: DPS-SIN | D80: Garuda | E80: 884423 | F80: 1 | G80: 0 | H80: No | I80: Transfer
A81: 1080 | B81: 21/03/2025 | C81: DPS-SIN | D81: Citilink | E81: 1216349 | F81: 1 | G81: 250000 | H81: Yes | I81: E-Wallet
A82: 1081 | B82: 22/03/2025 | C82: CGK-KUL | D82: Garuda | E82: 2452290 | F82: 0 | G82: 0 | H82: No | I82: Credit Card
A83: 1082 | B83: 23/03/2025 | C83: CGK-DPS | D83: Lion Air | E83: 1612495 | F83: 1 | G83: 0 | H83: No | I83: Credit Card
A84: 1083 | B84: 24/03/2025 | C84: CGK-KUL | D84: Garuda | E84: 2406493 | F84: 0 | G84: 0 | H84: No | I84: Credit Card
... A91: 1090 | B91: 31/03/2025 | C91: CGK-SUB | D91: AirAsia | E91: 1507789 | F91: 1 | G91: 250000 | H91: No | I91: Transfer
A92: 1091 | B92: 45661 | C92: CGK-SUB | D92: Garuda | E92: 2391985 | F92: 0 | G92: 0 | H92: Yes | I92: Credit Card
A93: 1092 | B93: 45692 | C93: CGK-DPS | D93: Garuda | E93: 1826081 | F93: 0 | G93: 0 | H93: No | I93: Transfer
A94: 1093 | B94: 45720 | C94: CGK-SUB | D94: Garuda | E94: 702869 | F94: 0 | G94: 0 | H94: No | I94: Credit Card
A95: 1094 | B95: 45751 | C95: CGK-SUB | D95: Citilink | E95: 1481474 | F95: 1 | G95: 250000 | H95: No | I95: Transfer
A96: 1095 | B96: 45781 | C96: CGK-DPS | D96: Garuda | E96: 1154351 | F96: 1 | G96: 250000 | H96: No | I96: E-Wallet
A97: 1096 | B97: 45812 | C97: CGK-SUB | D97: AirAsia | E97: 2060828 | F97: 1 | G97: 200000 | H97: No | I97: E-Wallet
A98: 1097 | B98: 45842 | C98: CGK-KUL | D98: Garuda | E98: 1336584 | F98: 0 | G98: 0 | H98: No | I98: E-Wallet
A99: 1098 | B99: 45873 | C99: CGK-SIN | D99: Lion Air | E99: 1318467 | F99: 1 | G99: 250000 | H99: No | I99: E-Wallet
A100: 1099 | B100: 45904 | C100: CGK-SIN | D100: Lion Air | E100: 1838848 | F100: 1 | G100: 0 | H100: No | I100: E-Wallet
A101: 1100 | B101: 45934 | C101: CGK-DPS | D101: Citilink | E101: 738467 | F101: 1 | G101: 250000 | H101: No | I101: Credit Card
A102: 1101 | B102: 45965 | C102: DPS-SIN | D102: Lion Air | E102: 1736685 | F102: 1 | G102: 0 | H102: No | I102: E-Wallet
A103: 1102 | B103: 45995 | C103: CGK-DPS | D103: AirAsia | E103: 1577844 | F103: 1 | G103: 200000 | H103: No | I103: E-Wallet
A104: 1103 | B104: 13/04/2025 | C104: DPS-SIN | D104: Garuda | E104: 1180047 | F104: 0 | G104: 0 | H104: No | I104: E-Wallet
A105: 1104 | B105: 14/04/2025 | C105: CGK-SIN | D105: Citilink | E105: 2407923 | F105: 0 | G105: 0 | H105: No | I105: E-Wallet
A106: 1105 | B106: 15/04/2025 | C106: CGK-DPS | D106: Garuda | E106: 1807447 | F106: 1 | G106: 0 | H106: No | I106: Transfer
A107: 1106 | B107: 16/04/2025 | C107: CGK-KUL | D107: Garuda | E107: 1639903 | F107: 0 | G107: 0 | H107: No | I107: Credit Card
A108: 1107 | B108: 17/04/2025 | C108: CGK-SUB | D108: AirAsia | E108: 828391 | F108: 0 | G108: 0 | H108: No | I108: E-Wallet
A109: 1108 | B109: 18/04/2025 | C109: DPS-SIN | D109: Lion Air | E109: 1139430 | F109: 0 | G109: 0 | H109: Yes | I109: E-Wallet
A110: 1109 | B110: 19/04/2025 | C110: CGK-SUB | D110: Lion Air | E110: 1717026 | F110: 0 | G110: 0 | H110: Yes | I110: E-Wallet
A111: 1110 | B111: 20/04/2025 | C111: CGK-SUB | D111: Garuda | E111: 2359280 | F111: 1 | G111: 0 | H111: No | I111: Credit Card
A112: 1111 | B112: 21/04/2025 | C112: CGK-DPS | D112: Citilink | E112: 956687 | F112: 1 | G112: 150000 | H112: No | I112: Transfer
A113: 1112 | B113: 22/04/2025 | C113: CGK-SUB | D113: Lion Air | E113: 2474027 | F113: 1 | G113: 250000 | H113: No | I113: Credit Card
A114: 1113 | B114: 23/04/2025 | C114: CGK-KUL | D114: Citilink | E114: 807450 | F114: 0 | G114: 0 | H114: No | I114: Transfer
A115: 1114 | B115: 24/04/2025 | C115: CGK-SUB | D115: Lion Air | E115: 871890 | F115: 1 | G115: 0 | H115: No | I115: E-Wallet
...
